title,genre,mood,era,popularity,length
Attack on Future 1,Horror,Intense,Classic,Hidden gem,Long
Amazing Kingdom 2,Romance,Funny,Modern,Popular,Short
Escape from Future 3,Drama,Light,Classic,Popular,Long
Titanic , Romance , Emotional , Classic , Popular , Long
Dark Kingdom 4,Drama,Emotional,Modern,Hidden gem,Long
Return of Dreams 5,Horror,Light,Classic,Popular,Long
Dark Galaxy 6,Action,Intense,Modern,Popular,Short
Rise of Galaxy 7,Sci-Fi,Emotional,Modern,Popular,Short
Dark Night 8,Comedy,Funny,Modern,Hidden gem,Short
Return of Destiny 9,Action,Intense,Classic,Popular,Short
Dark Destiny 10,Romance,Funny,Classic,Popular,Short
Legend of Dreams 11,Horror,Funny,Modern,Popular,Long
Amazing Empire 12,Action,Intense,Modern,Popular,Long
Return of Dreams 13,Sci-Fi,Funny,Modern,Popular,Long
Rise of Revenge 14,Drama,Funny,Modern,Hidden gem,Short
Escape from Destiny 15,Romance,Funny,Classic,Popular,Short
Dark Dreams 16,Action,Emotional,Classic,Popular,Short
Dark Kingdom 17,Romance,Intense,Modern,Hidden gem,Long
Dark Kingdom 18,Romance,Intense,Modern,Hidden gem,Short
Attack on Kingdom 19,Horror,Light,Modern,Hidden gem,Short
The Dreams 20,Horror,Light,Classic,Popular,Short
Fast Dreams 21,Comedy,Light,Classic,Popular,Long
Amazing Dreams 22,Drama,Emotional,Modern,Popular,Long
Attack on Kingdom 23,Sci-Fi,Funny,Modern,Hidden gem,Short
Amazing Kingdom 24,Romance,Intense,Classic,Popular,Long
Fast Revenge 25,Drama,Intense,Classic,Hidden gem,Short
Rise of World 26,Horror,Light,Classic,Popular,Short
Fast Night 27,Sci-Fi,Emotional,Modern,Popular,Long
Fast Destiny 28,Action,Emotional,Modern,Hidden gem,Short
Dark Night 29,Sci-Fi,Light,Classic,Popular,Short
Attack on Kingdom 30,Romance,Light,Classic,Hidden gem,Long
Rise of Shadow 31,Romance,Intense,Modern,Popular,Long
Legend of Galaxy 32,Comedy,Intense,Classic,Popular,Short
Amazing Kingdom 33,Action,Emotional,Classic,Hidden gem,Short
Return of Night 34,Sci-Fi,Funny,Modern,Hidden gem,Long
Return of Dreams 35,Action,Emotional,Classic,Popular,Long
Attack on Night 36,Action,Intense,Modern,Popular,Long
Attack on Empire 37,Sci-Fi,Funny,Classic,Popular,Short
Return of Destiny 38,Romance,Light,Modern,Popular,Long
Fast Shadow 39,Romance,Emotional,Modern,Hidden gem,Short
Amazing Future 40,Action,Funny,Modern,Popular,Short
Dark Dreams 41,Horror,Emotional,Classic,Popular,Long
Attack on Destiny 42,Sci-Fi,Intense,Modern,Hidden gem,Short
Amazing Empire 43,Drama,Light,Classic,Popular,Short
Escape from Shadow 44,Action,Light,Classic,Popular,Short
Return of Kingdom 45,Drama,Emotional,Modern,Hidden gem,Short
Quest for Empire 46,Drama,Light,Modern,Hidden gem,Long
Attack on Kingdom 47,Horror,Funny,Classic,Popular,Short
Rise of Galaxy 48,Action,Emotional,Modern,Popular,Long
Return of Night 49,Romance,Funny,Classic,Popular,Short
Dark Galaxy 50,Horror,Intense,Classic,Hidden gem,Long
Quest for Shadow 51,Romance,Emotional,Modern,Hidden gem,Short
Legend of Kingdom 52,Romance,Emotional,Modern,Popular,Long
The Dreams 53,Comedy,Light,Modern,Hidden gem,Short
Dark Future 54,Horror,Intense,Classic,Hidden gem,Short
Fast Night 55,Drama,Intense,Classic,Hidden gem,Short
Attack on Dreams 56,Comedy,Emotional,Modern,Popular,Long
Return of Kingdom 57,Horror,Funny,Classic,Popular,Short
Rise of Galaxy 58,Romance,Light,Modern,Popular,Long
Quest for Destiny 59,Horror,Intense,Classic,Hidden gem,Short
Return of Empire 60,Horror,Emotional,Classic,Popular,Short
Legend of Dreams 61,Horror,Emotional,Modern,Hidden gem,Long
Attack on Kingdom 62,Romance,Funny,Classic,Hidden gem,Short
Rise of Night 63,Action,Funny,Classic,Hidden gem,Short
The Galaxy 64,Romance,Light,Classic,Popular,Long
Return of Night 65,Comedy,Light,Modern,Hidden gem,Long
Attack on World 66,Sci-Fi,Emotional,Classic,Hidden gem,Long
Rise of Night 67,Romance,Intense,Classic,Popular,Short
Return of Future 68,Horror,Light,Classic,Popular,Short
Dark Galaxy 69,Sci-Fi,Light,Modern,Hidden gem,Short
Return of Kingdom 70,Action,Emotional,Modern,Hidden gem,Short
Quest for Night 71,Horror,Light,Modern,Hidden gem,Short
Quest for Kingdom 72,Comedy,Emotional,Classic,Popular,Short
Attack on Kingdom 73,Drama,Light,Classic,Popular,Long
The Shadow 74,Romance,Funny,Modern,Hidden gem,Short
Return of Galaxy 75,Action,Funny,Modern,Hidden gem,Short
Attack on Kingdom 76,Horror,Light,Modern,Popular,Short
Fast Galaxy 77,Action,Funny,Classic,Hidden gem,Short
Escape from Dreams 78,Comedy,Funny,Modern,Popular,Short
Return of World 79,Romance,Light,Classic,Popular,Long
Escape from Future 80,Romance,Light,Modern,Hidden gem,Short
Attack on Dreams 81,Romance,Intense,Classic,Popular,Long
Amazing Revenge 82,Sci-Fi,Light,Classic,Popular,Long
Return of Revenge 83,Action,Emotional,Classic,Hidden gem,Long
Amazing Empire 84,Sci-Fi,Emotional,Classic,Popular,Short
Rise of World 85,Sci-Fi,Emotional,Modern,Hidden gem,Long
Escape from Revenge 86,Horror,Funny,Classic,Popular,Long
Rise of Shadow 87,Action,Funny,Classic,Popular,Long
Rise of Destiny 88,Romance,Funny,Modern,Hidden gem,Long
The Night 89,Drama,Emotional,Classic,Popular,Long
Rise of World 90,Sci-Fi,Funny,Classic,Popular,Short
Amazing Revenge 91,Romance,Intense,Modern,Hidden gem,Short
Return of Shadow 92,Romance,Emotional,Classic,Hidden gem,Short
Legend of Kingdom 93,Sci-Fi,Emotional,Classic,Popular,Short
Amazing World 94,Romance,Emotional,Classic,Popular,Short
Rise of Shadow 95,Sci-Fi,Funny,Classic,Popular,Short
Fast Future 96,Comedy,Intense,Modern,Hidden gem,Short
Fast Future 97,Horror,Light,Classic,Popular,Long
Rise of Revenge 98,Horror,Light,Classic,Hidden gem,Short
Attack on Future 99,Sci-Fi,Funny,Classic,Hidden gem,Short
Quest for Empire 100,Sci-Fi,Funny,Classic,Hidden gem,Short
Rise of World 101,Sci-Fi,Light,Modern,Hidden gem,Short
Legend of Kingdom 102,Sci-Fi,Light,Modern,Hidden gem,Long
Attack on Dreams 103,Action,Intense,Classic,Hidden gem,Long
The Galaxy 104,Action,Intense,Classic,Popular,Short
Escape from Future 105,Romance,Funny,Classic,Popular,Short
Quest for Shadow 106,Horror,Intense,Classic,Popular,Long
Attack on Galaxy 107,Action,Funny,Modern,Popular,Short
Rise of Night 108,Action,Light,Modern,Popular,Long
The Revenge 109,Action,Intense,Classic,Popular,Short
The Destiny 110,Romance,Funny,Modern,Popular,Short
The Empire 111,Romance,Emotional,Modern,Hidden gem,Long
Legend of Empire 112,Romance,Emotional,Modern,Popular,Short
Rise of World 113,Sci-Fi,Intense,Modern,Popular,Long
The Kingdom 114,Drama,Emotional,Modern,Hidden gem,Long
Amazing Dreams 115,Horror,Funny,Modern,Popular,Long
Attack on World 116,Action,Light,Modern,Hidden gem,Long
Fast Revenge 117,Drama,Emotional,Modern,Popular,Long
Legend of Galaxy 118,Romance,Light,Modern,Popular,Short
Fast Dreams 119,Sci-Fi,Intense,Modern,Popular,Short
Legend of World 120,Action,Emotional,Modern,Popular,Long
Attack on Revenge 121,Horror,Intense,Modern,Hidden gem,Short
Fast Night 122,Horror,Emotional,Modern,Hidden gem,Long
Attack on Night 123,Romance,Light,Classic,Popular,Long
The World 124,Comedy,Emotional,Classic,Popular,Short
Fast Night 125,Sci-Fi,Light,Modern,Popular,Long
The Shadow 126,Romance,Funny,Classic,Popular,Short
Quest for Kingdom 127,Comedy,Emotional,Modern,Hidden gem,Short
Fast Revenge 128,Romance,Intense,Classic,Hidden gem,Long
Fast Galaxy 129,Romance,Emotional,Classic,Popular,Long
Amazing Galaxy 130,Sci-Fi,Funny,Modern,Hidden gem,Long
Legend of Future 131,Action,Funny,Modern,Hidden gem,Short
The Empire 132,Drama,Light,Classic,Hidden gem,Short
Amazing Destiny 133,Romance,Emotional,Classic,Hidden gem,Short
Escape from Galaxy 134,Comedy,Light,Modern,Popular,Long
Legend of Future 135,Drama,Emotional,Classic,Popular,Long
Attack on Night 136,Drama,Funny,Modern,Popular,Short
Return of Revenge 137,Action,Emotional,Modern,Hidden gem,Short
Fast Destiny 138,Action,Intense,Classic,Hidden gem,Short
Rise of Revenge 139,Sci-Fi,Intense,Modern,Popular,Short
Fast Destiny 140,Romance,Intense,Modern,Popular,Short
Escape from Dreams 141,Romance,Intense,Modern,Hidden gem,Short
Rise of Future 142,Action,Funny,Classic,Popular,Long
Fast Destiny 143,Action,Emotional,Modern,Popular,Short
The Revenge 144,Action,Emotional,Classic,Hidden gem,Long
Escape from Revenge 145,Horror,Funny,Classic,Hidden gem,Long
The Kingdom 146,Drama,Emotional,Modern,Popular,Short
Quest for Revenge 147,Horror,Funny,Classic,Popular,Long
The Shadow 148,Romance,Emotional,Classic,Popular,Long
Quest for Kingdom 149,Drama,Light,Classic,Popular,Long
Fast Future 150,Comedy,Funny,Classic,Popular,Short
Fast Dreams 151,Horror,Funny,Modern,Popular,Short
The World 152,Sci-Fi,Emotional,Modern,Hidden gem,Long
Escape from World 153,Sci-Fi,Light,Classic,Hidden gem,Short
Fast Night 154,Sci-Fi,Funny,Classic,Popular,Long
The Future 155,Sci-Fi,Light,Modern,Popular,Long
The Empire 156,Sci-Fi,Intense,Modern,Popular,Short
The Dreams 157,Romance,Funny,Classic,Hidden gem,Long
The Revenge 158,Sci-Fi,Light,Classic,Popular,Short
Amazing Galaxy 159,Romance,Funny,Modern,Popular,Long
Rise of Night 160,Comedy,Emotional,Classic,Popular,Short
Return of Kingdom 161,Horror,Emotional,Classic,Popular,Long
Escape from Kingdom 162,Romance,Funny,Modern,Popular,Short
Return of Future 163,Horror,Light,Classic,Hidden gem,Long
Amazing World 164,Comedy,Light,Modern,Popular,Long
Rise of Galaxy 165,Drama,Funny,Modern,Hidden gem,Short
Dark Empire 166,Comedy,Light,Classic,Popular,Short
Rise of Night 167,Horror,Intense,Modern,Popular,Long
The Night 168,Romance,Intense,Classic,Hidden gem,Short
Fast Shadow 169,Sci-Fi,Light,Classic,Hidden gem,Short
Rise of Kingdom 170,Action,Intense,Classic,Hidden gem,Long
Dark Shadow 171,Drama,Funny,Classic,Popular,Long
The Future 172,Drama,Intense,Classic,Hidden gem,Short
Attack on World 173,Sci-Fi,Funny,Classic,Popular,Short
Legend of Night 174,Action,Intense,Modern,Hidden gem,Long
Return of Kingdom 175,Action,Funny,Classic,Hidden gem,Short
Legend of World 176,Romance,Intense,Classic,Popular,Short
Amazing Empire 177,Romance,Funny,Classic,Popular,Short
Legend of Galaxy 178,Drama,Funny,Modern,Popular,Short
Return of Revenge 179,Sci-Fi,Light,Modern,Hidden gem,Short
Legend of World 180,Sci-Fi,Emotional,Classic,Popular,Long
Dark Dreams 181,Action,Emotional,Classic,Hidden gem,Long
Return of Shadow 182,Drama,Light,Classic,Hidden gem,Short
Escape from Galaxy 183,Drama,Light,Classic,Popular,Short
Dark Galaxy 184,Romance,Intense,Modern,Popular,Short
Dark Night 185,Action,Funny,Modern,Hidden gem,Long
Rise of World 186,Romance,Light,Classic,Popular,Long
The Revenge 187,Romance,Light,Modern,Hidden gem,Long
Escape from Future 188,Horror,Intense,Classic,Popular,Long
Quest for Kingdom 189,Sci-Fi,Intense,Classic,Popular,Long
Rise of Revenge 190,Romance,Funny,Modern,Hidden gem,Short
Return of World 191,Drama,Intense,Classic,Popular,Short
Dark Kingdom 192,Drama,Light,Modern,Popular,Long
Rise of Night 193,Comedy,Light,Classic,Hidden gem,Long
Attack on World 194,Horror,Funny,Modern,Popular,Short
Escape from Destiny 195,Drama,Emotional,Classic,Hidden gem,Long
Quest for World 196,Action,Funny,Classic,Hidden gem,Long
Escape from Empire 197,Romance,Intense,Modern,Popular,Short
Fast Destiny 198,Sci-Fi,Light,Classic,Hidden gem,Short
Dark Shadow 199,Romance,Light,Classic,Popular,Long
Rise of Future 200,Action,Emotional,Modern,Hidden gem,Long
Amazing World 201,Sci-Fi,Funny,Classic,Hidden gem,Short
Rise of Shadow 202,Horror,Light,Modern,Hidden gem,Short
Amazing Night 203,Romance,Intense,Classic,Hidden gem,Short
Rise of Shadow 204,Action,Intense,Classic,Popular,Long
Fast Future 205,Drama,Light,Classic,Hidden gem,Long
Rise of Empire 206,Sci-Fi,Emotional,Classic,Hidden gem,Long
Legend of Galaxy 207,Comedy,Light,Classic,Hidden gem,Short
Return of Kingdom 208,Comedy,Light,Classic,Hidden gem,Long
Attack on Shadow 209,Comedy,Funny,Modern,Hidden gem,Long
Legend of Empire 210,Horror,Funny,Modern,Popular,Short
The Destiny 211,Horror,Emotional,Modern,Hidden gem,Short
The Future 212,Sci-Fi,Funny,Classic,Popular,Long
Attack on Destiny 213,Horror,Funny,Classic,Hidden gem,Short
The Empire 214,Comedy,Emotional,Classic,Hidden gem,Long
Escape from Empire 215,Horror,Funny,Modern,Popular,Short
Quest for Revenge 216,Comedy,Light,Classic,Hidden gem,Short
Quest for World 217,Comedy,Funny,Classic,Popular,Short
Fast Revenge 218,Drama,Intense,Modern,Popular,Long
Fast Night 219,Sci-Fi,Light,Modern,Hidden gem,Long
Fast Dreams 220,Romance,Funny,Modern,Popular,Short
Dark Night 221,Comedy,Emotional,Classic,Hidden gem,Long
Legend of Revenge 222,Action,Intense,Modern,Hidden gem,Long
Return of Revenge 223,Action,Emotional,Classic,Popular,Long
Dark Night 224,Horror,Intense,Classic,Hidden gem,Long
Fast Dreams 225,Romance,Light,Modern,Hidden gem,Short
Fast Empire 226,Horror,Funny,Modern,Hidden gem,Long
Amazing Revenge 227,Sci-Fi,Intense,Modern,Hidden gem,Long
Attack on Galaxy 228,Action,Light,Modern,Hidden gem,Short
Return of Empire 229,Comedy,Intense,Classic,Hidden gem,Short
Legend of Dreams 230,Horror,Intense,Modern,Popular,Short
Dark Shadow 231,Sci-Fi,Funny,Modern,Hidden gem,Long
Return of Night 232,Comedy,Emotional,Classic,Popular,Long
Amazing Shadow 233,Sci-Fi,Funny,Modern,Popular,Short
Legend of Future 234,Horror,Intense,Classic,Popular,Short
The Destiny 235,Comedy,Funny,Modern,Hidden gem,Short
Fast Empire 236,Sci-Fi,Funny,Modern,Hidden gem,Short
Legend of Revenge 237,Action,Light,Classic,Popular,Long
Escape from Kingdom 238,Action,Funny,Classic,Hidden gem,Long
The Revenge 239,Romance,Intense,Modern,Popular,Short
Legend of World 240,Drama,Intense,Classic,Hidden gem,Short
Dark Dreams 241,Drama,Emotional,Modern,Hidden gem,Short
Rise of Kingdom 242,Sci-Fi,Light,Modern,Popular,Long
The Galaxy 243,Horror,Intense,Classic,Popular,Long
Escape from Empire 244,Romance,Emotional,Classic,Hidden gem,Short
Legend of World 245,Drama,Funny,Classic,Popular,Long
Quest for Empire 246,Romance,Funny,Modern,Popular,Short
Legend of World 247,Comedy,Light,Classic,Hidden gem,Short
Legend of Future 248,Horror,Intense,Classic,Hidden gem,Long
Amazing Dreams 249,Horror,Light,Modern,Popular,Short
Dark Revenge 250,Comedy,Intense,Classic,Popular,Long
Attack on World 251,Comedy,Intense,Modern,Popular,Long
Legend of Galaxy 252,Comedy,Light,Modern,Hidden gem,Short
Quest for Night 253,Drama,Light,Classic,Hidden gem,Short
Rise of Destiny 254,Horror,Intense,Classic,Popular,Long
The Dreams 255,Action,Light,Classic,Hidden gem,Short
Dark Destiny 256,Sci-Fi,Funny,Modern,Hidden gem,Short
Dark World 257,Sci-Fi,Light,Classic,Popular,Long
Attack on World 258,Action,Intense,Modern,Hidden gem,Long
Attack on Destiny 259,Romance,Light,Modern,Hidden gem,Short
Escape from Empire 260,Horror,Emotional,Modern,Popular,Long
Rise of Kingdom 261,Drama,Funny,Modern,Hidden gem,Short
Legend of Revenge 262,Sci-Fi,Funny,Modern,Hidden gem,Short
Legend of Kingdom 263,Action,Intense,Classic,Hidden gem,Short
The Shadow 264,Comedy,Emotional,Modern,Popular,Long
Quest for Shadow 265,Drama,Intense,Modern,Popular,Short
Quest for Revenge 266,Horror,Intense,Classic,Popular,Short
Return of World 267,Romance,Emotional,Modern,Popular,Long
Escape from Night 268,Comedy,Light,Classic,Hidden gem,Short
The Destiny 269,Sci-Fi,Intense,Classic,Popular,Long
Amazing Empire 270,Drama,Light,Classic,Hidden gem,Short
Quest for Kingdom 271,Romance,Emotional,Modern,Popular,Short
Amazing Revenge 272,Romance,Light,Modern,Hidden gem,Short
Legend of Revenge 273,Comedy,Funny,Modern,Hidden gem,Short
Quest for Shadow 274,Action,Light,Classic,Popular,Long
Amazing Destiny 275,Horror,Emotional,Classic,Hidden gem,Long
Rise of Revenge 276,Horror,Funny,Classic,Popular,Long
Legend of Kingdom 277,Sci-Fi,Light,Modern,Hidden gem,Long
Fast Empire 278,Romance,Emotional,Modern,Hidden gem,Short
Escape from Empire 279,Romance,Intense,Modern,Popular,Short
Rise of Dreams 280,Romance,Funny,Classic,Popular,Short
Quest for World 281,Horror,Emotional,Classic,Popular,Short
Legend of World 282,Romance,Funny,Modern,Popular,Short
Fast Destiny 283,Horror,Funny,Classic,Popular,Short
Escape from Kingdom 284,Drama,Light,Classic,Hidden gem,Long
Legend of Destiny 285,Romance,Emotional,Classic,Hidden gem,Short
The Future 286,Horror,Funny,Modern,Hidden gem,Short
Rise of Kingdom 287,Comedy,Funny,Classic,Hidden gem,Long
Quest for Empire 288,Romance,Funny,Classic,Hidden gem,Long
Return of Night 289,Action,Light,Classic,Popular,Long
Fast Galaxy 290,Horror,Emotional,Classic,Popular,Short
Fast Shadow 291,Action,Light,Modern,Popular,Short
Legend of Empire 292,Drama,Intense,Modern,Hidden gem,Short
Dark Kingdom 293,Comedy,Funny,Classic,Popular,Short
Attack on Shadow 294,Comedy,Funny,Modern,Hidden gem,Short
Legend of World 295,Sci-Fi,Emotional,Modern,Popular,Short
Amazing Galaxy 296,Romance,Intense,Classic,Hidden gem,Long
Legend of Empire 297,Comedy,Funny,Classic,Hidden gem,Short
Return of Galaxy 298,Horror,Intense,Classic,Popular,Long
Return of Night 299,Sci-Fi,Emotional,Modern,Popular,Short
Amazing Empire 300,Action,Light,Classic,Popular,Short
Fast World 301,Sci-Fi,Emotional,Classic,Popular,Short
Fast Kingdom 302,Sci-Fi,Emotional,Classic,Popular,Long
Attack on World 303,Drama,Intense,Classic,Popular,Short
Legend of Revenge 304,Drama,Emotional,Classic,Hidden gem,Long
Rise of Shadow 305,Horror,Emotional,Classic,Popular,Short
Amazing Revenge 306,Action,Intense,Modern,Popular,Short
Escape from Revenge 307,Action,Light,Modern,Hidden gem,Short
Dark Future 308,Action,Intense,Modern,Popular,Short
Legend of Night 309,Action,Light,Modern,Hidden gem,Short
Quest for World 310,Action,Funny,Classic,Hidden gem,Long
Legend of Kingdom 311,Romance,Emotional,Modern,Hidden gem,Short
Quest for Revenge 312,Action,Intense,Classic,Popular,Short
The Night 313,Romance,Light,Modern,Popular,Short
The Galaxy 314,Romance,Funny,Classic,Hidden gem,Short
Return of Kingdom 315,Drama,Light,Classic,Hidden gem,Short
Return of World 316,Sci-Fi,Intense,Classic,Hidden gem,Long
The Shadow 317,Horror,Light,Classic,Popular,Long
Quest for Future 318,Drama,Funny,Modern,Hidden gem,Long
Legend of Shadow 319,Horror,Emotional,Modern,Popular,Long
The World 320,Comedy,Funny,Classic,Hidden gem,Long
Return of Night 321,Horror,Intense,Classic,Popular,Long
Amazing Destiny 322,Romance,Light,Modern,Popular,Long
Rise of Revenge 323,Drama,Funny,Classic,Hidden gem,Short
Rise of Kingdom 324,Romance,Funny,Modern,Hidden gem,Short
Amazing Kingdom 325,Horror,Funny,Classic,Hidden gem,Long
Attack on Shadow 326,Sci-Fi,Light,Modern,Hidden gem,Long
Dark World 327,Drama,Funny,Modern,Hidden gem,Long
Escape from Kingdom 328,Romance,Emotional,Modern,Popular,Long
Rise of Night 329,Horror,Intense,Modern,Popular,Short
Attack on Galaxy 330,Comedy,Intense,Modern,Hidden gem,Short
Attack on Kingdom 331,Romance,Funny,Classic,Popular,Long
Quest for Empire 332,Drama,Emotional,Modern,Popular,Long
Legend of Dreams 333,Comedy,Light,Classic,Popular,Short
Quest for Galaxy 334,Romance,Light,Classic,Hidden gem,Long
Amazing Galaxy 335,Sci-Fi,Intense,Modern,Hidden gem,Long
Escape from Revenge 336,Romance,Funny,Modern,Hidden gem,Short
Return of Shadow 337,Action,Light,Modern,Popular,Long
Legend of Night 338,Sci-Fi,Intense,Classic,Popular,Long
Dark Night 339,Drama,Emotional,Classic,Popular,Long
Rise of Revenge 340,Sci-Fi,Light,Classic,Popular,Short
Rise of Galaxy 341,Romance,Funny,Classic,Hidden gem,Short
Quest for Revenge 342,Romance,Intense,Classic,Hidden gem,Long
Attack on Empire 343,Romance,Emotional,Classic,Hidden gem,Long
Attack on Shadow 344,Romance,Light,Classic,Hidden gem,Short
The Dreams 345,Drama,Intense,Modern,Hidden gem,Long
Attack on World 346,Sci-Fi,Intense,Classic,Hidden gem,Long
Legend of Revenge 347,Comedy,Light,Classic,Hidden gem,Short
Dark Revenge 348,Sci-Fi,Emotional,Modern,Popular,Short
Quest for World 349,Drama,Emotional,Classic,Popular,Short
The Shadow 350,Comedy,Light,Modern,Hidden gem,Short
Rise of Kingdom 351,Romance,Light,Modern,Hidden gem,Short
Amazing Revenge 352,Sci-Fi,Light,Modern,Popular,Short
Quest for Empire 353,Comedy,Intense,Classic,Hidden gem,Long
Legend of Destiny 354,Romance,Intense,Modern,Hidden gem,Long
Escape from Destiny 355,Romance,Intense,Classic,Popular,Long
Return of World 356,Drama,Intense,Modern,Hidden gem,Short
Fast Shadow 357,Sci-Fi,Emotional,Modern,Hidden gem,Long
Legend of Dreams 358,Horror,Light,Classic,Hidden gem,Long
Legend of Galaxy 359,Comedy,Emotional,Classic,Popular,Long
Attack on Future 360,Action,Intense,Classic,Hidden gem,Short
Amazing Galaxy 361,Comedy,Emotional,Classic,Popular,Short
Rise of World 362,Romance,Emotional,Modern,Hidden gem,Short
The Kingdom 363,Comedy,Funny,Classic,Popular,Short
Fast Kingdom 364,Horror,Intense,Modern,Hidden gem,Short
Return of Galaxy 365,Comedy,Light,Classic,Hidden gem,Long
Escape from Revenge 366,Action,Emotional,Classic,Popular,Long
Rise of Kingdom 367,Horror,Intense,Modern,Popular,Short
Quest for Galaxy 368,Romance,Emotional,Modern,Popular,Long
Return of Night 369,Horror,Light,Modern,Hidden gem,Long
Legend of Night 370,Horror,Light,Classic,Popular,Long
Legend of Kingdom 371,Horror,Emotional,Modern,Hidden gem,Short
Amazing World 372,Action,Light,Modern,Popular,Short
The Night 373,Action,Light,Classic,Popular,Long
Quest for World 374,Romance,Funny,Classic,Popular,Long
Quest for Future 375,Comedy,Intense,Modern,Popular,Short
Escape from Galaxy 376,Horror,Intense,Classic,Popular,Short
Amazing Galaxy 377,Horror,Funny,Classic,Popular,Short
Quest for Shadow 378,Drama,Funny,Modern,Hidden gem,Long
The Galaxy 379,Sci-Fi,Light,Modern,Hidden gem,Short
Dark Dreams 380,Romance,Emotional,Modern,Popular,Short
The Destiny 381,Action,Intense,Modern,Hidden gem,Short
Attack on Dreams 382,Horror,Emotional,Modern,Hidden gem,Long
Return of Shadow 383,Comedy,Light,Modern,Popular,Short
Amazing Galaxy 384,Sci-Fi,Intense,Classic,Hidden gem,Long
Attack on Destiny 385,Comedy,Light,Classic,Popular,Short
Quest for Revenge 386,Action,Emotional,Modern,Hidden gem,Long
Rise of Night 387,Romance,Intense,Modern,Popular,Long
Attack on Dreams 388,Comedy,Intense,Classic,Hidden gem,Long
Quest for Future 389,Comedy,Intense,Modern,Hidden gem,Long
The Shadow 390,Horror,Emotional,Classic,Hidden gem,Long
Attack on Night 391,Drama,Emotional,Modern,Popular,Long
Fast Kingdom 392,Drama,Light,Classic,Hidden gem,Short
Quest for Destiny 393,Drama,Emotional,Classic,Hidden gem,Short
Fast Revenge 394,Sci-Fi,Funny,Classic,Popular,Short
The World 395,Horror,Intense,Classic,Hidden gem,Short
Dark Dreams 396,Action,Intense,Modern,Popular,Long
Dark Dreams 397,Comedy,Intense,Modern,Hidden gem,Short
Amazing Dreams 398,Drama,Emotional,Modern,Hidden gem,Long
Amazing Galaxy 399,Horror,Emotional,Classic,Popular,Short
Escape from Galaxy 400,Sci-Fi,Intense,Classic,Hidden gem,Short
Rise of Galaxy 401,Action,Intense,Classic,Hidden gem,Short
Legend of Revenge 402,Sci-Fi,Funny,Modern,Popular,Short
Escape from Shadow 403,Action,Emotional,Modern,Hidden gem,Long
Return of Night 404,Action,Emotional,Modern,Popular,Short
Quest for Dreams 405,Action,Intense,Classic,Popular,Short
Escape from Empire 406,Sci-Fi,Intense,Classic,Hidden gem,Short
Rise of Night 407,Romance,Funny,Classic,Popular,Short
The Empire 408,Horror,Emotional,Classic,Hidden gem,Short
Rise of Shadow 409,Action,Light,Modern,Hidden gem,Long
Quest for World 410,Sci-Fi,Intense,Modern,Hidden gem,Long
Escape from Empire 411,Action,Light,Modern,Hidden gem,Short
The Shadow 412,Comedy,Emotional,Modern,Popular,Long
Escape from Shadow 413,Comedy,Light,Modern,Popular,Long
Rise of Future 414,Comedy,Light,Classic,Hidden gem,Long
Quest for Dreams 415,Sci-Fi,Intense,Modern,Popular,Short
Attack on Revenge 416,Drama,Intense,Modern,Hidden gem,Short
Attack on Revenge 417,Comedy,Funny,Modern,Popular,Long
Escape from Night 418,Action,Light,Modern,Hidden gem,Long
The Kingdom 419,Horror,Intense,Classic,Popular,Long
Return of World 420,Comedy,Light,Modern,Hidden gem,Short
Legend of Future 421,Drama,Intense,Classic,Popular,Long
Return of Destiny 422,Romance,Funny,Classic,Hidden gem,Long
Amazing Shadow 423,Sci-Fi,Funny,Classic,Popular,Long
Escape from Revenge 424,Drama,Emotional,Classic,Hidden gem,Long
Rise of World 425,Romance,Funny,Modern,Popular,Long
Legend of Destiny 426,Drama,Intense,Classic,Hidden gem,Long
Legend of Destiny 427,Sci-Fi,Emotional,Classic,Hidden gem,Short
Rise of Revenge 428,Drama,Emotional,Modern,Hidden gem,Long
Legend of Future 429,Horror,Emotional,Classic,Hidden gem,Short
Amazing Empire 430,Horror,Intense,Modern,Hidden gem,Long
Rise of World 431,Sci-Fi,Intense,Modern,Hidden gem,Long
Amazing Galaxy 432,Romance,Emotional,Modern,Popular,Long
Escape from Dreams 433,Drama,Emotional,Classic,Hidden gem,Short
Return of Night 434,Action,Funny,Modern,Hidden gem,Short
Quest for Destiny 435,Romance,Funny,Classic,Hidden gem,Long
The Galaxy 436,Horror,Intense,Classic,Hidden gem,Short
The Dreams 437,Romance,Light,Modern,Popular,Long
Amazing Revenge 438,Action,Emotional,Modern,Hidden gem,Short
Fast Galaxy 439,Comedy,Emotional,Modern,Popular,Long
Attack on Empire 440,Action,Emotional,Classic,Popular,Short
Escape from Empire 441,Horror,Intense,Modern,Hidden gem,Long
Amazing Future 442,Sci-Fi,Light,Modern,Hidden gem,Short
Rise of World 443,Comedy,Funny,Modern,Popular,Short
Quest for Dreams 444,Action,Intense,Classic,Popular,Short
Return of World 445,Action,Funny,Classic,Hidden gem,Short
Fast Night 446,Romance,Emotional,Classic,Hidden gem,Long
Fast Night 447,Romance,Light,Classic,Popular,Long
Rise of Destiny 448,Action,Funny,Classic,Hidden gem,Short
Escape from Galaxy 449,Comedy,Light,Modern,Hidden gem,Short
Escape from Kingdom 450,Drama,Light,Modern,Hidden gem,Long
Dark Shadow 451,Horror,Funny,Modern,Hidden gem,Short
Fast Future 452,Romance,Funny,Modern,Popular,Short
Return of Revenge 453,Horror,Light,Modern,Popular,Long
Legend of Revenge 454,Drama,Light,Classic,Hidden gem,Short
Escape from Shadow 455,Drama,Funny,Classic,Hidden gem,Short
Dark Future 456,Romance,Emotional,Classic,Hidden gem,Long
Legend of Night 457,Sci-Fi,Light,Classic,Hidden gem,Long
Quest for Galaxy 458,Sci-Fi,Emotional,Modern,Hidden gem,Long
Fast Galaxy 459,Drama,Intense,Modern,Popular,Short
Escape from Shadow 460,Romance,Funny,Modern,Hidden gem,Long
Legend of Future 461,Horror,Light,Classic,Hidden gem,Short
Attack on Kingdom 462,Romance,Emotional,Modern,Hidden gem,Long
Legend of Empire 463,Drama,Light,Modern,Popular,Long
Amazing Shadow 464,Drama,Emotional,Modern,Hidden gem,Long
Return of Empire 465,Horror,Emotional,Classic,Popular,Short
Attack on Revenge 466,Sci-Fi,Light,Classic,Hidden gem,Short
The Kingdom 467,Action,Intense,Modern,Popular,Long
Attack on Night 468,Horror,Intense,Modern,Popular,Long
Amazing Destiny 469,Drama,Intense,Modern,Hidden gem,Long
Attack on Empire 470,Action,Emotional,Modern,Hidden gem,Short
Attack on Dreams 471,Romance,Intense,Modern,Hidden gem,Short
The World 472,Drama,Emotional,Modern,Hidden gem,Long
Attack on Galaxy 473,Drama,Emotional,Modern,Hidden gem,Long
Legend of Night 474,Sci-Fi,Emotional,Classic,Hidden gem,Long
Escape from Destiny 475,Romance,Light,Classic,Hidden gem,Short
Rise of Kingdom 476,Action,Funny,Classic,Hidden gem,Short
Legend of Shadow 477,Horror,Light,Classic,Popular,Short
Escape from Empire 478,Comedy,Emotional,Modern,Hidden gem,Short
Fast Kingdom 479,Comedy,Emotional,Classic,Popular,Long
Fast Shadow 480,Horror,Light,Modern,Popular,Short
Rise of Dreams 481,Action,Light,Modern,Popular,Long
Dark Kingdom 482,Horror,Emotional,Classic,Popular,Short
Quest for World 483,Romance,Intense,Modern,Popular,Long
Attack on Night 484,Comedy,Light,Modern,Hidden gem,Long
Fast Night 485,Romance,Light,Modern,Popular,Short
Attack on Empire 486,Action,Funny,Classic,Popular,Long
Fast Revenge 487,Horror,Emotional,Classic,Popular,Long
Rise of Night 488,Horror,Funny,Modern,Hidden gem,Short
Escape from Revenge 489,Drama,Emotional,Modern,Hidden gem,Long
Dark Destiny 490,Action,Light,Classic,Hidden gem,Short
Escape from Night 491,Comedy,Emotional,Classic,Hidden gem,Short
Quest for Night 492,Romance,Emotional,Classic,Hidden gem,Short
Attack on Shadow 493,Romance,Intense,Classic,Popular,Long
Dark Galaxy 494,Drama,Intense,Classic,Hidden gem,Short
Rise of Revenge 495,Comedy,Intense,Classic,Popular,Long
Legend of Night 496,Romance,Light,Modern,Popular,Long
Dark Kingdom 497,Romance,Funny,Modern,Hidden gem,Long
Amazing World 498,Horror,Emotional,Modern,Hidden gem,Short
Quest for Revenge 499,Sci-Fi,Intense,Classic,Hidden gem,Long
Rise of Kingdom 500,Romance,Emotional,Classic,Popular,Long
